name,model.type,desc,Accuracy,Sensitivity,Precision,Recall,F1
test1,rpart,all variables as predictors,0.9871573604060914,0.9974441894429377,0.9894448181300771,0.6136363636363636,0.7574904217229382
test2,rpart,age and gender but not other categorical variables,0.9863451776649746,0.9977049864385562,0.9883738955200744,0.5738636363636364,0.7261275269531331
test3,rpart,no categorical variables,0.9856852791878172,0.9977310661381181,0.9876852377755977,0.5482954545454546,0.7051434033010784
test1,rpart,test1 before prunning,0.9871573604060914,0.9974441894429377,0.9894448181300771,0.6136363636363636,0.7574904217229382
test1_pruned,rpart.pruned,test1 after prunning,0.9854568527918782,0.999061130815773,0.9861758270047625,0.4914772727272727,0.6560173101166412
test3,rpart,test3 before prunning,0.9856852791878172,0.9977310661381181,0.9876852377755977,0.5482954545454546,0.7051434033010784
test3_pruned,rpart.pruned,test3 after prunning,0.9845685279187817,0.998513457124974,0.9858128636902003,0.47821969696969696,0.644022737759688
